"transaction_id","timestamp","direction","type","change","comment","requestor","account_id"
"115e6eb8-25c9-4450-9a6b-19e96d78debe","2021-10-15 05:22:00","incoming","purchase","250","Business Services Payment: 5x Chips","Sammy Holland","61147763"
"7f701f59-1cb7-437e-9cc7-8f84e5ddf5ab","2021-10-15 05:20:00","incoming","purchase","1700","Business Services Payment: 2x Sushi 2x Wings 2x 50% Coffee","Sammy Holland","61619434"
"799005f6-6c5c-43d5-beef-03bc170d76ad","2021-10-15 05:11:00","incoming","purchase","800","Business Services Payment: 2xWings 2x Pizza 2x Chips","Sammy Holland","61997763"
"145d8163-e551-4c97-84ac-046f28887db6","2021-10-15 05:03:00","incoming","purchase","500","Business Services Payment: 5x Pizza","Sammy Holland","61176464"
"87777fdf-9830-4bbd-99d8-04a1bcea3281","2021-10-15 04:42:00","incoming","purchase","1200","Business Services Payment: 2x Sushi 4x 50% coffee","Sammy Holland","61315408"
"e44ddcd8-bfab-4c1e-9ee8-a75c458c0501","2021-10-15 04:41:00","incoming","purchase","75","Business Services Payment: 1x M&C","Sammy Holland","61670611"
"20030ac0-7e69-4f95-bea6-95930ab510f7","2021-10-15 04:34:00","incoming","purchase","750","Business Services Payment: 5 pizza 2 drinks","Michael  Angelo ","61953415"
"1f21f6aa-614f-4335-ab26-998ef47f0264","2021-10-15 04:33:00","incoming","purchase","125","Business Services Payment: mac chips","Michael  Angelo ","61941293"
"c5141c93-1409-4945-8b7f-848931c5c1e9","2021-10-15 04:27:00","incoming","purchase","100","Business Services Payment: 2 chips","Michael  Angelo ","61108064"
"9e70d9d2-0436-4ad9-839e-4185992fdc87","2021-10-15 04:23:00","incoming","purchase","1000","Business Services Payment: 2x Sushi","Sammy Holland","61791313"
"a98e0b49-755b-40ad-b75c-6c17b6ad5cee","2021-10-15 04:22:00","incoming","purchase","250","Business Services Payment: 1x Wings","Sammy Holland","61188555"
"db67ad35-fd6e-4f46-801b-ccf6b5ab9abf","2021-10-15 04:19:00","incoming","purchase","1000","Business Services Payment: 2x Sushi","Sammy Holland","61249963"
"55a1eaba-40b7-46b7-ba5a-bb6c4ee7ac27","2021-10-15 03:51:00","incoming","purchase","100","Business Services Payment: 2x chips","Sammy Holland","61096395"
"68528805-44a2-4bb0-81c8-aa8fe7f9ebb6","2021-10-15 03:51:00","incoming","purchase","100","Business Services Payment: chips","Michael  Angelo ","61670611"
"42e268cd-757f-4618-936e-0fded2f66b85","2021-10-15 03:19:00","incoming","purchase","250","Business Services Payment: 5 chips","Michael  Angelo ","61416936"
"7c30b4ec-b423-4991-b85e-c692bb425930","2021-10-15 03:17:00","incoming","purchase","175","Business Services Payment: chips drink","Michael  Angelo ","61003518"
"bed8b426-6fd6-47fb-8919-fcd835c86827","2021-10-15 03:08:00","incoming","purchase","100","Business Services Payment: 2 chips","Michael  Angelo ","61096395"
"f7fdac06-c980-473e-bea6-79ebe9559b3b","2021-10-15 03:07:00","incoming","purchase","100","Business Services Payment: 2 chips","Michael  Angelo ","61670611"
"f1aec527-e857-493b-a6ea-ff1febc53fa6","2021-10-15 02:44:00","incoming","purchase","1000","Business Services Payment: 2x Sushi","Sammy Holland","61465670"
"7dd2f12c-69dd-4087-b59b-e71c38769961","2021-10-15 02:28:00","incoming","purchase","500","Business Services Payment: 1x Sushi","Sammy Holland","61496425"
"fbc8bab9-01b6-4832-bc36-09746c462078","2021-10-15 02:27:00","incoming","purchase","500","Business Services Payment: 1x Sushi","Sammy Holland","61012960"
"d50815bb-49c6-4c6d-8471-8cda8ba66473","2021-10-15 02:27:00","incoming","purchase","625","Business Services Payment: 5 WHITE PAW","Bill Truly","61957867"
"ecc2cf38-5ce5-48ae-9a00-9bd73e0ac0e9","2021-10-15 02:19:00","incoming","purchase","100","Business Services Payment: 2 CHIPS","Bill Truly","61108064"
"3c9d1958-1d01-47ed-9493-fca4f2649d87","2021-10-15 02:02:00","incoming","purchase","250","Business Services Payment: wings","Michael  Angelo ","61703772"
"fab03d1a-007e-431a-b6d1-94c5423d1bb1","2021-10-15 02:01:00","incoming","purchase","2000","Business Services Payment: 4x sushi","Michael  Angelo ","61862745"
"0b2b9eb3-0547-4d56-a94c-0ed1fdc28d60","2021-10-15 02:00:00","incoming","purchase","1000","Business Services Payment: sushi x2","Michael  Angelo ","61703772"
"a0413fb8-7bd4-4537-80b0-932cd5807ba2","2021-10-15 01:59:00","incoming","purchase","750","Business Services Payment: 1x Working Girl Combo","Sammy Holland","61791313"
"9ccfe95d-1e90-4a69-9e21-428a3ea2dc71","2021-10-15 01:51:00","incoming","purchase","500","Business Services Payment: 5x Pizza","Sammy Holland","61629716"
"d2c17989-ce53-41af-b0a5-53a6b88abeda","2021-10-15 01:49:00","incoming","purchase","500","Business Services Payment: 1x Sushi","Sammy Holland","61055664"
"6612b4b3-ce7c-454e-bf86-998ad19fb935","2021-10-15 01:46:00","incoming","purchase","200","Business Services Payment: 2x Coffee","Sammy Holland","61957867"
"35cfb89f-43ba-43c9-971d-f3a1b89a6a27","2021-10-15 01:45:00","incoming","purchase","225","Business Services Payment: 1-mac,1-pancakes","Raaja  Queen ","61108064"
"a1cd3a81-2e89-42ae-8e58-63667c13e327","2021-10-15 01:43:00","incoming","purchase","2000","Business Services Payment: 4-sushi","Raaja  Queen ","61315386"
"4c25ee72-62d8-4f87-8231-1bc8ddf90fd1","2021-10-15 01:43:00","incoming","purchase","500","Business Services Payment: sushi","Raaja  Queen ","61114215"
"920a11c5-51e7-4474-a010-859bd66d5467","2021-10-15 01:42:00","incoming","purchase","500","Business Services Payment: sushi","Raaja  Queen ","61114215"
"16a2ccf3-4f0e-4624-ba7a-2b5f207aa98b","2021-10-15 01:41:00","incoming","purchase","350","Business Services Payment: BAHAMA PAPPA","Raaja  Queen ","61615959"
"bc6db0e7-6ab6-48d9-a000-a621ee3f229f","2021-10-15 01:35:00","incoming","purchase","500","Business Services Payment: sushi","Raaja  Queen ","61249963"
"44c200d3-8b65-4735-8259-6cf6e1868d12","2021-10-15 01:34:00","incoming","purchase","1000","Business Services Payment: 2-sushi","Raaja  Queen ","61662609"
"a021f7cd-da7f-4c67-8724-0bd18d8b2b77","2021-10-15 01:32:00","incoming","purchase","1400","Business Services Payment: 2-sushi, 4-coffee","Raaja  Queen ","61609024"
"0d13b187-20c6-499f-b34f-1a0435f3e544","2021-10-15 01:31:00","incoming","purchase","775","Business Services Payment: 1-sushi,2-mac,1-cocktail","Raaja  Queen ","61031511"
"c5a03031-3dca-4b3d-9ac9-40d7a4aa9e9b","2021-10-15 01:30:00","incoming","purchase","150","Business Services Payment: chips and coffee","Raaja  Queen ","61470183"
"0a228111-f34d-4a0a-8ae7-284c008ed662","2021-10-15 01:27:00","incoming","purchase","300","Business Services Payment: 3-coffee","Raaja  Queen ","61924275"
"54d3c891-0424-4213-97da-bed91234e731","2021-10-15 01:16:00","incoming","purchase","1250","Business Services Payment: 5-pizza,5-pancakes","Raaja  Queen ","61337057"
"75f50d1f-1e61-463c-b85b-2a9f16480249","2021-10-15 01:15:00","incoming","purchase","1000","Business Services Payment: 2-sushi","Raaja  Queen ","61772608"
"fc8c30b3-e7a1-4cf8-abbc-915218176bd3","2021-10-15 01:12:00","incoming","purchase","500","Business Services Payment: sushi","Raaja  Queen ","61521785"
"fd1a56c6-3828-4fb6-b849-ccf5a789f109","2021-10-15 01:02:00","incoming","purchase","750","Business Services Payment: working girl combo","Raaja  Queen ","61134194"
"78fabae7-423a-45fa-8083-5f55c37a0410","2021-10-15 01:00:00","incoming","purchase","450","Business Services Payment: 2-pizza,2-cocktail","Raaja  Queen ","61084113"
"632a320e-35c6-4df0-9664-138fe0ee0e60","2021-10-15 00:58:00","incoming","purchase","300","Business Services Payment: 3-coffee","Raaja  Queen ","61924275"
"b596ca08-cede-4799-af57-8867c4553e4e","2021-10-15 00:57:00","incoming","purchase","300","Business Services Payment: 3-coffee","Raaja  Queen ","61422363"
"abb5213f-1e74-413e-8046-b6a88042263a","2021-10-15 00:56:00","incoming","purchase","500","Business Services Payment: sushi","Raaja  Queen ","61562716"
"2eea0786-4c09-4ce9-b955-71d41f63a211","2021-10-15 00:53:00","incoming","purchase","1500","Business Services Payment: 3-sushi","Raaja  Queen ","61112265"
"81c7bca9-0d44-47e8-a289-fef50a1cf81e","2021-10-15 00:50:00","incoming","purchase","500","Business Services Payment: 5-pizza","Raaja  Queen ","61190632"
"9270b41c-d376-4397-9669-1f6d01af5c97","2021-10-15 00:44:00","incoming","purchase","450","Business Services Payment: wings and 2 coffee","Raaja  Queen ","61561178"
"ae0ec287-7aba-4427-be9a-060b115823ac","2021-10-15 00:43:00","incoming","purchase","200","Business Services Payment: 2 coffee","Raaja  Queen ","61147763"
"a1b2169b-c617-4870-91b3-d3050f1a6f5c","2021-10-15 00:37:00","incoming","purchase","100","Business Services Payment: pizza","Raaja  Queen ","61326048"
"03069978-5aaa-45db-88ab-442fce04d086","2021-10-15 00:37:00","incoming","purchase","300","Business Services Payment: 3-coffee","Raaja  Queen ","61924275"
"fcb07bc1-e4fb-4a8f-bf09-08a9f601499a","2021-10-15 00:16:00","incoming","purchase","200","Business Services Payment: 4-chips","Raaja  Queen ","61147763"
"81fbdefa-1ee2-45d4-8ce3-67a52a7ce8e1","2021-10-15 00:14:00","incoming","purchase","375","Business Services Payment: 1-chips,1-mac,2-cocktail","Bill Truly","61096395"
"b4c226b4-b287-43f9-9a4c-3e1d88f1c5e8","2021-10-15 00:08:00","incoming","purchase","380","Business Services Payment: 1-pancakes,1-panini","Bill Truly","61791313"
"aa1e9130-1a4d-4bc5-a039-4eef092a8c66","2021-10-15 00:03:00","incoming","purchase","750","Business Services Payment: 2-wings,2-cocktail","Raaja  Queen ","61745437"
"4c6056cd-bd58-4c00-abc0-27545c67f8b2","2021-10-14 23:58:00","incoming","purchase","500","Business Services Payment: sushi","Raaja  Queen ","61988680"
"3795c18b-4a50-403e-8f71-9a839ca420e0","2021-10-14 23:57:00","incoming","purchase","500","Business Services Payment: sushi","Raaja  Queen ","61662609"
"67483c3e-0db6-4b29-b4aa-62d71be3c692","2021-10-14 22:37:00","incoming","purchase","400","Business Services Payment: 4 x coffee","Sarah Scott","61484795"
"e8c6e9a6-2f5b-4068-9f25-305ae0e20886","2021-10-14 22:34:00","incoming","purchase","1250","Business Services Payment: 2 x sushi 2 x cocktail","Sarah Scott","61644168"
"28611a37-e7e4-4144-9a80-0bb1a7464699","2021-10-14 22:32:00","incoming","purchase","600","Business Services Payment: 1 x sushi, 1 x coffee","Sarah Scott","61677743"
"ca1f9cee-cd82-498e-9bf2-ab35dfb63d56","2021-10-14 22:31:00","incoming","purchase","1000","Business Services Payment: 1 wrking girl, 2 x cherry peach","Sarah Scott","61341891"
"c7326a10-cc7f-4916-85c1-4fb9683a6b08","2021-10-14 22:26:00","incoming","purchase","1000","Business Services Payment: 2 x sushi","Sarah Scott","61662609"
"d604c928-a47a-4525-8058-85f8bde3dd3f","2021-10-14 22:20:00","incoming","purchase","375","Business Services Payment: 3 x cocktail","Sarah Scott","61488255"
"195ae760-c083-4793-a2dc-aeae5d512858","2021-10-14 22:18:00","incoming","purchase","750","Business Services Payment: working girl combo","Sarah Scott","61849597"
"bb6119a4-2c96-423b-9b3b-41b32e8852b3","2021-10-14 22:12:00","incoming","purchase","300","Business Services Payment: 1 x wings 1 x chips","Sarah Scott","61442644"
"4d528e11-3cf1-447e-9521-19fdc5c325ff","2021-10-14 22:03:00","incoming","purchase","1000","Business Services Payment: 2 x sushi","Sarah Scott","61538739"
"196e1f8f-bbf5-488f-975b-58d7b73f2dd8","2021-10-14 22:01:00","incoming","purchase","375","Business Services Payment: 1 x wings 1 x cocktail","Sarah Scott","61941293"
"168860e3-ff1c-48d3-b740-af8d5959b59f","2021-10-14 21:59:00","incoming","purchase","250","Business Services Payment: 1 x wings","Sarah Scott","61791313"
"42324617-db73-4c3d-be26-74da5fe60814","2021-10-14 21:58:00","incoming","purchase","800","Business Services Payment: 5 x pizza 3 x coffee","Sarah Scott","61190632"
"3910f065-c04d-4246-ac93-d556e548d8ca","2021-10-14 21:55:00","incoming","purchase","600","Business Services Payment: 1 coffee 1 sushi","Sarah Scott","61994558"
"5f5289bb-fb89-4c69-9cf9-34734f694e9c","2021-10-14 21:53:00","incoming","purchase","500","Business Services Payment: 1 x sushi","Sarah Scott","61791313"
"198e4658-4310-4b10-a5e7-2cdb07a40435","2021-10-14 21:53:00","incoming","purchase","330","Business Services Payment: coffee and panini","Sarah Scott","61663708"
"2ca4e1df-3ecd-4162-b059-1a3d35d86a85","2021-10-14 21:51:00","incoming","purchase","500","Business Services Payment: 4 x cherry kiwi","Sarah Scott","61131496"
"891f520b-bd90-4a21-a96f-8f440c1e7883","2021-10-14 21:38:00","incoming","purchase","500","Business Services Payment: 1 x sushi","Sarah Scott","61066635"
"245eec2a-ef1e-41f6-9de4-6ba8bf2930dc","2021-10-14 21:35:00","incoming","purchase","1000","Business Services Payment: 2 x sushi","Sarah Scott","61449636"
"df58b492-af0a-48ed-ae38-c7bfd1843f6c","2021-10-14 21:33:00","incoming","purchase","1300","Business Services Payment: 2 sushi 3 coffee","Rick Rhold","61249963"
"45b77e27-4613-46b3-a4cf-ddec8205c144","2021-10-14 21:20:00","incoming","purchase","100","Business Services Payment: 2 x chips","Sarah Scott","61970964"
"8508d568-7b38-44ab-ae52-7e7da0fa0c80","2021-10-14 21:19:00","incoming","purchase","1000","Business Services Payment: 2 x sushi","Sarah Scott","61703772"
"31809bc3-46f4-4060-aeb6-da004ee22dbb","2021-10-14 21:13:00","incoming","purchase","5850","Business Services Payment: 1 x VIP membership, Bahama Papa x 1, 10 x chips","Sarah Scott","61226946"
"7267bf23-6bd1-4d55-9d67-202c4e355682","2021-10-14 21:05:00","incoming","purchase","400","Business Services Payment: 2-pizza 2 coffee","Raaja  Queen ","61147763"
"4e444c0e-30c4-4f43-ad66-03acf0f65c3f","2021-10-14 21:02:00","incoming","purchase","1000","Business Services Payment: 2 x sushi","Sarah Scott","61287591"
"fea8ebd2-881f-4525-b624-3305706e912a","2021-10-14 20:57:00","incoming","purchase","100","Business Services Payment: 2 x chips","Sarah Scott","61249135"
"fc6d4172-56ab-4eab-adce-7b98b76ed937","2021-10-14 20:55:00","incoming","purchase","500","Business Services Payment: 1 x sushi","Sarah Scott","61677743"
"d15bd241-4081-41b4-ba4d-8c18cf3c66c6","2021-10-14 20:54:00","incoming","purchase","75","Business Services Payment: 1 x mac and cheese","Sarah Scott","61818525"
"9bd697eb-58c8-4501-8942-08ff5a1a0807","2021-10-14 20:47:00","incoming","purchase","1500","Business Services Payment: 3 x sushi","Sarah Scott","61790850"
"f65f0f4f-84b7-43fa-8137-e86de6105ce7","2021-10-14 20:40:00","incoming","purchase","500","Business Services Payment: 1 x sushi","Sarah Scott","61422363"
"734c2f22-24d8-4f13-86e0-791ec0ac078a","2021-10-14 20:30:00","incoming","purchase","3000","Business Services Payment: 6 x sushi","Sarah Scott","61028444"
"21b3ef67-8dcc-4282-9184-ec3943cb42fe","2021-10-14 20:28:00","incoming","purchase","350","Business Services Payment: bahama papa","Sarah Scott","61022413"
"1fa4be2f-7e49-463a-90dd-b3dfc55f9f0e","2021-10-14 20:16:00","incoming","purchase","500","Business Services Payment: 1 X SUSHI","Sarah Scott","61763306"
"2313fc38-de9b-42af-9ca4-0e73ab5567c5","2021-10-14 19:44:00","incoming","purchase","950","Business Services Payment: 2 x pizza 2 x pancake, 4 x cocktail","Sarah Scott","61036132"
"4ddb0c4c-5d52-45d1-9252-a25d7e616940","2021-10-14 19:35:00","incoming","purchase","125","Business Services Payment: 1 x cocktail","Sarah Scott","61353898"
"f0aa183a-cf3e-4912-916f-a4158442feaa","2021-10-14 19:33:00","incoming","purchase","125","Business Services Payment: 1 x cocktail","Sarah Scott","61353898"
"b62167cd-e678-4010-9fe1-5ac48539802d","2021-10-14 19:33:00","incoming","purchase","750","Business Services Payment: 5 x pizza slices, 2 x orange lemon","Sarah Scott","61449636"
"f6286339-e5c0-412d-be9e-efe9ce1e61f8","2021-10-14 19:31:00","incoming","purchase","125","Business Services Payment: 1 x cocktail","Sarah Scott","61353898"
"0fced1d1-caf9-411d-bee3-73f1fab21867","2021-10-14 19:28:00","incoming","purchase","750","Business Services Payment: 5 x pizza slice, 2 x cocktail","Sarah Scott","61953415"
"02884cc8-e19f-49cb-8238-228f8f3cbf5c","2021-10-14 19:27:00","incoming","purchase","450","Business Services Payment: 5 PIZZA 2 ORANGE LEMON","Sarah Scott","61970964"
"0459e2e1-9307-4ca0-abb4-8e452a805eef","2021-10-14 18:55:00","incoming","purchase","2000","Business Services Payment: 4 X SUSHI","Sarah Scott","61560909"
"21b6121a-7e79-4731-901f-4c3505527f37","2021-10-14 18:49:00","incoming","purchase","1250","Business Services Payment: 5 X PIZZA, 5 X PANCAKES","Sarah Scott","61337057"
"50793219-bfb5-4996-b8c0-c5d6f0cb5cbb","2021-10-14 18:39:00","incoming","purchase","200","Business Services Payment: 2x Pizza","Dan Sins","61353898"
"9bb09c58-95b6-4575-8c14-b334eff331ce","2021-10-14 18:35:00","incoming","purchase","500","Business Services Payment: 1x Sushi","Dan Sins","61300042"
"7c830ae7-0a73-4dac-96dc-94bbf8a62c88","2021-10-14 18:31:00","incoming","purchase","500","Business Services Payment: 1x Sushi","Dan Sins","61028444"
"b62dd192-082e-4e56-93d3-7bd0d60dd5a3","2021-10-14 18:30:00","incoming","purchase","1500","Business Services Payment: 3x Sushi","Dan Sins","61643034"
"c5cf39c8-232b-42e8-9189-cc200ffc50ae","2021-10-14 18:27:00","incoming","purchase","500","Business Services Payment: 1x Sushi","Dan Sins","61249963"
"caf7ca62-d86b-4cb2-91c0-5d0249b844a9","2021-10-14 18:24:00","incoming","purchase","725","Business Services Payment: 1x Sushi 2x Chips 1x Cocktail","Dan Sins","61096395"
"b747e304-3cd0-4366-a52b-bed45ce58ec5","2021-10-14 18:19:00","incoming","purchase","1000","Business Services Payment: 2x Sushi","Dan Sins","61639328"
"7d866416-b54a-485b-85dc-d31921ecea19","2021-10-14 15:54:00","incoming","purchase","1500","Business Services Payment: 3x Sushi","Dan Sins","61703772"
"298f8247-e736-4720-a23b-35ad1d835d2e","2021-10-14 15:53:00","incoming","purchase","1000","Business Services Payment: 2x Sushi","Dan Sins","61162907"
"04a79b8e-86d9-4dcd-b42a-5bad9f9a2cd2","2021-10-14 15:52:00","incoming","purchase","625","Business Services Payment: 1x Sushi 1x Cocktail","Dan Sins","61521785"
"972028fb-b353-45dd-9e72-14fb403e0b1c","2021-10-14 15:51:00","incoming","purchase","500","Business Services Payment: 1x Sushi","Dan Sins","61379796"
"20faeacc-3db5-4e5f-90e8-cf8ca2f400d5","2021-10-14 15:50:00","incoming","purchase","500","Business Services Payment: 1x Sushi","Dan Sins","61708103"
"3f090d71-e389-4d61-9eb0-0f1b9b14e49e","2021-10-14 14:35:00","incoming","purchase","250","Business Services Payment: 2x Cocktail","Dan Sins","61218220"
"35ab693a-cd97-42da-bf88-bbd8ae12080d","2021-10-14 14:33:00","incoming","purchase","1000","Business Services Payment: 2x Sushi","Dan Sins","61398059"
"241994f1-d840-42f2-b6fb-031cbafae3f5","2021-10-14 14:27:00","incoming","purchase","150","Business Services Payment: 1x Coffee 1x Chips","Dan Sins","61346011"
"43b22637-69cd-4e6f-9101-7f18252b29f9","2021-10-14 14:11:00","incoming","purchase","500","Business Services Payment: 1x Sushi","Dan Sins","61414000"
"9a43d0e4-fcee-4758-9109-258186e8c2d1","2021-10-14 14:09:00","incoming","purchase","230","Business Services Payment: 1x Panini","Dan Sins","61663708"
"25462419-17a6-48fc-b079-5a773b803874","2021-10-14 14:07:00","incoming","purchase","600","Business Services Payment: 6x Pizza","Dan Sins","61106674"
"a16817e9-d32d-43f7-b4a1-c5e8aed2d5c9","2021-10-14 13:41:00","incoming","purchase","1000","Business Services Payment: 2 SUSHI","Lily  Nightmare","61529356"
"729f14ee-3583-46a4-b2c9-d4d490d0125d","2021-10-14 13:38:00","incoming","purchase","500","Business Services Payment: SUSHI","Lily  Nightmare","61164524"
"3281ef14-711e-4463-ac21-57dd3eb53994","2021-10-14 13:26:00","incoming","purchase","1000","Business Services Payment: 2x sushi","Dan Sins","61895822"
"fdfff6cc-5fbc-49df-ab0f-1f0377e04393","2021-10-14 13:18:00","incoming","purchase","1200","Business Services Payment: 2 sushi 2 coffee","Lily  Nightmare","61287591"
"40b6b70d-674a-477c-98da-61ff14495022","2021-10-14 13:15:00","incoming","purchase","2000","Business Services Payment: 4 sushi","Lily  Nightmare","61560909"
"5a780d11-0833-4214-b749-77c3fb13fd46","2021-10-14 13:02:00","incoming","purchase","2000","Business Services Payment: 4 sushi","Lily  Nightmare","61753604"
"68422b63-a7d9-4d46-9289-2f0dbb94c211","2021-10-14 13:01:00","incoming","purchase","1500","Business Services Payment: 3 sushi","Lily  Nightmare","61650788"
"8e086772-7cfd-482c-99cc-b8a5c85d25dd","2021-10-14 12:53:00","incoming","purchase","500","Business Services Payment: sushi","Lily  Nightmare","61521785"
"71f21786-c77e-4e32-943e-0392c768f15d","2021-10-14 12:52:00","incoming","purchase","500","Business Services Payment: sushi","Lily  Nightmare","61649276"
"864f1b6b-0e9c-49ee-b653-dce2ea645959","2021-10-14 12:52:00","incoming","purchase","500","Business Services Payment: sushi","Lily  Nightmare","61626570"
"522926a5-5fff-4d54-9b9f-cd7787e6cfa6","2021-10-14 12:51:00","incoming","purchase","500","Business Services Payment: sushi","Lily  Nightmare","61428578"
"c49e316a-b55a-41fc-8295-02ba6023e59a","2021-10-14 12:50:00","incoming","purchase","500","Business Services Payment: sushi","Lily  Nightmare","61566804"
"5646c9d1-b9f1-490e-b076-9df6305798ab","2021-10-14 12:47:00","incoming","purchase","1000","Business Services Payment: 2 sushi","Lily  Nightmare","61249415"
"273f97a1-2edd-4a8c-ae2c-851515741924","2021-10-14 12:46:00","incoming","purchase","500","Business Services Payment: sushi","Lily  Nightmare","61164524"
"ad354f10-a08e-465e-9632-618cd23afe42","2021-10-14 12:37:00","incoming","purchase","1000","Business Services Payment: 2x Sushi","Dan Sins","61589907"
"626155d4-fd15-4829-92b0-584df1a86ebc","2021-10-14 12:37:00","incoming","purchase","1000","Business Services Payment: 2x Sushi","Dan Sins","61703202"
"14b23a20-2fed-4163-9412-a7bc30645a45","2021-10-14 12:36:00","incoming","purchase","1500","Business Services Payment: 3x Sushi","Dan Sins","61802530"
"c66b2d3a-c258-40b3-89d7-5bab453f7803","2021-10-14 12:35:00","incoming","purchase","1000","Business Services Payment: 2x Sushi","Dan Sins","61885937"
"99137a4e-398a-46e3-bf2b-f18a55722d2e","2021-10-14 12:31:00","incoming","purchase","500","Business Services Payment: 1x Sushi","Dan Sins","61379796"
"e361e731-e0bd-4a80-9d63-0c1438ed1e50","2021-10-14 12:29:00","incoming","purchase","1100","Business Services Payment: 2x Sushi 2x Chips","Dan Sins","61997763"
"2302e0c7-5332-4e1f-a315-3fdb98fe0f5a","2021-10-14 12:28:00","incoming","purchase","600","Business Services Payment: 1x Sushi 1x Coffee","Dan Sins","61614022"
"7405ea4f-b4dc-4880-9be6-9cc36aef8226","2021-10-14 10:18:00","incoming","purchase","800","Business Services Payment: 4-pizza,4-coffee","Raaja  Queen ","61709082"
"0f0e7bc5-aaab-4f1d-ae92-e431c9a335eb","2021-10-14 10:17:00","incoming","purchase","1000","Business Services Payment: 2-sushi","Raaja  Queen ","61318614"
"48f71915-f166-49d2-9ce5-374836c93620","2021-10-14 07:34:00","incoming","purchase","125","Business Services Payment: 1 x cocktail","Sarah Scott","61670611"
"de8b9858-06f8-4a49-abaa-948902b63b1f","2021-10-14 07:33:00","incoming","purchase","350","Business Services Payment: 2 x chips 2 x drinks","Sarah Scott","61449636"
"07cccfb1-6d5e-4e94-a95a-ece2a6601af0","2021-10-14 07:19:00","incoming","purchase","375","Business Services Payment: 3x Cocktails","Sammy Holland","61465670"
"f1ca0b29-1f56-4cd1-8ffa-020b530649f1","2021-10-14 07:17:00","incoming","purchase","225","Business Services Payment: 1x Pizza 1x orange banana","Sammy Holland","61745437"
"8859b197-6e43-46f8-a87f-e5ffaa0c7c52","2021-10-14 07:16:00","incoming","purchase","100","Business Services Payment: 2x Chips","Dan Sins","61433273"
"16f8a23b-79fa-4cc3-9722-88bdca9b991e","2021-10-14 07:16:00","incoming","purchase","375","Business Services Payment: Bahama Papa with cocktail instead of white PAw","Sammy Holland","61653765"
"47a8a35c-6ee4-402f-967b-b7bbaf21cca8","2021-10-14 07:14:00","incoming","purchase","1125","Business Services Payment: 9x cocktails","Sammy Holland","61465670"
"36039766-bf7d-4d4b-bb74-6c734e12d862","2021-10-14 07:09:00","incoming","purchase","1500","Business Services Payment: 2x Sushi 1x Wings 2x Orange Banana","Sammy Holland","61313695"
"f6efc9bc-9e55-4bc6-9032-554702396a3c","2021-10-14 07:04:00","incoming","purchase","500","Business Services Payment: 5 pizza","Michael  Angelo ","61249963"
"e601a500-bd73-43bd-b3fe-7ec1ef73b41b","2021-10-14 06:55:00","incoming","purchase","625","Business Services Payment: 5-cocktail","Raaja  Queen ","61465670"
"12d8ec7d-7c6b-4fdb-892d-84ec21949772","2021-10-14 06:50:00","incoming","purchase","75","Business Services Payment: 1-mac","Raaja  Queen ","61321483"
"0945dd6b-d8ff-4b60-8059-04e95175c029","2021-10-14 06:50:00","incoming","purchase","1875","Business Services Payment:  15x White Paws","Sammy Holland","61465670"
"1da60242-7370-4eca-8449-978c463cc45a","2021-10-14 06:49:00","incoming","purchase","125","Business Services Payment: 1x White PAW","Sammy Holland","61653765"
"81e0aace-656e-4dea-a4ce-1c69110b0147","2021-10-14 06:45:00","incoming","purchase","1875","Business Services Payment: 15x White Paws","Sammy Holland","61465670"
"f088e35d-2380-4321-aadb-2ac66d097941","2021-10-14 06:35:00","incoming","purchase","50","Business Services Payment: chips","Raaja  Queen ","61653765"
"6cafe6b9-da98-41b6-9cbd-7772c28cd345","2021-10-14 06:35:00","incoming","purchase","100","Business Services Payment: ","Raaja  Queen ","61653765"
"e7546f6f-961d-4e9f-bd87-1aae715ca770","2021-10-14 06:34:00","incoming","purchase","1875","Business Services Payment: 15x White Paws","Sammy Holland","61465670"
"6880055d-74aa-481d-9f0f-df2d3ca59237","2021-10-14 06:32:00","incoming","purchase","380","Business Services Payment: Sultan MKII
","Arthur Klaus","61244964"
"9915fe33-1095-44ca-82d6-89d2c95d0436","2021-10-14 06:29:00","incoming","purchase","750","Business Services Payment: 1-sushi,2-cocktail","Raaja  Queen ","61321295"
"b7647f12-1db9-467d-bd0b-afcb46ad03c6","2021-10-14 06:26:00","incoming","purchase","500","Business Services Payment: sushi","Raaja  Queen ","61582416"
"a246a3c7-ad4e-4ff3-b0d6-ed4b1f4ae1ce","2021-10-14 05:44:00","incoming","purchase","200","Business Services Payment: 4-chips","Raaja  Queen ","61147763"
"eb794125-b92f-4e9f-893c-b59ad26df9fd","2021-10-14 05:38:00","incoming","purchase","1400","Business Services Payment: 2-sushi, 4-coffee","Raaja  Queen ","61249963"
"e39da2b5-6725-4c29-8940-3257f8bf9a4d","2021-10-14 05:37:00","incoming","purchase","100","Business Services Payment: coffee","Michael  Angelo ","61300042"
"77b06001-03bc-487c-96e3-bf9b00a3c01b","2021-10-14 05:31:00","incoming","purchase","175","Business Services Payment: pizza mac","Michael  Angelo ","61806200"
"dc7d0420-536f-4186-ab35-816f3cf1a9da","2021-10-14 05:31:00","incoming","purchase","500","Business Services Payment: 1x Sushi","Sammy Holland","61164524"
"70c324e2-7626-4382-9200-d9c43cd366b4","2021-10-14 05:30:00","incoming","purchase","225","Business Services Payment: pizza drink","Michael  Angelo ","61278829"
"5d795025-9655-415d-96f2-d056e47d3d0d","2021-10-14 05:29:00","incoming","purchase","400","Business Services Payment: 1x wings 1x chips 1x cappicino","Sammy Holland","61653765"
"20f9c902-95d1-44c3-a947-8f42712a55f6","2021-10-14 05:28:00","incoming","purchase","100","Business Services Payment: pizza","Michael  Angelo ","61661368"
"b7267d03-e792-46c6-a508-b38b9172fdcc","2021-10-14 05:24:00","incoming","purchase","100","Business Services Payment: 2x Chips","Sammy Holland","61670611"
"da894174-05b9-4226-82e3-5bbe2c20c96b","2021-10-14 05:21:00","incoming","purchase","3650","Business Services Payment: 5x Pizza 5x Wings 5x Panini 5x pancakes","Sammy Holland","61244964"
"01a37ae5-31a7-42e8-9f9a-9fd606474e9f","2021-10-14 04:28:00","incoming","purchase","500","Business Services Payment: sushi","Michael  Angelo ","61108064"
"bb0ebfa8-fddd-47cb-a42e-07159133db13","2021-10-14 04:26:00","incoming","purchase","600","Business Services Payment: coffee sushi","Michael  Angelo ","61973126"
"9194de9d-45f4-4096-a485-e80cc4b3ca42","2021-10-14 04:23:00","incoming","purchase","1000","Business Services Payment: 2 sushi","Michael  Angelo ","61191257"
"d7e19f10-32af-448c-99a5-10486ec1e317","2021-10-14 04:23:00","incoming","purchase","3600","Business Services Payment: 6 sushi, 6 coffee","Bill Truly","61185393"
"06ae0e3e-7688-4d85-80a2-8062ce4517db","2021-10-14 03:02:00","incoming","purchase","800","Business Services Payment: sushi 3 coffee","Michael  Angelo ","61190632"
"3ef0fe0a-54f5-4068-be50-60d74ff12bef","2021-10-14 02:56:00","incoming","purchase","325","Business Services Payment: coffee pancakes mac","Michael  Angelo ","61451281"
"8bd07c3d-25cf-4c08-8848-e6ff1eaf321b","2021-10-14 02:51:00","incoming","purchase","500","Business Services Payment: 1x Sushi","Sammy Holland","61414528"
"919dd26e-641e-4a15-a0bf-97f22a13b425","2021-10-14 02:47:00","incoming","purchase","1440","Business Services Payment: 10 part a","Hugh Moungus","61980691"
"b0a62f7c-a321-4d49-917a-9c2df0bba592","2021-10-14 02:46:00","incoming","purchase","1440","Business Services Payment: 10 part a","Hugh Moungus","61982531"
"913609ed-b31e-40da-91c0-0c2ca3f671f9","2021-10-14 02:38:00","incoming","purchase","100","Business Services Payment: chips","Michael  Angelo ","61670611"
"9c72f2ec-7e1b-4ae5-bb1f-26942bbeb64d","2021-10-14 02:16:00","incoming","purchase","1625","Business Services Payment: 5x Pizza 5x Mac & Cheese 1x Bahama Papa 2x Cherry Peach","Sammy Holland","61178442"
"bc5827b3-0bee-4c97-83e4-71a73fb15422","2021-10-14 02:11:00","incoming","purchase","500","Business Services Payment: 1x Sushi","Sammy Holland","61810319"
"c1e9217a-eaed-4a3e-9521-1e23f0df7e1b","2021-10-14 02:10:00","incoming","purchase","1000","Business Services Payment: 2x Sushi","Sammy Holland","61854366"
"d03f77f5-8267-4cbc-a1ee-d17bee50608d","2021-10-14 02:08:00","incoming","transfer","3000","couldn't find the fruit guy ","Meg Alodon","61514843"
"0d7cbcd7-dbd4-48f4-8ce6-030c9c0c153d","2021-10-14 01:59:00","incoming","purchase","500","Business Services Payment:  1x Sushi","Sammy Holland","61835817"
"e92574d3-0304-438f-941d-7a41ab376575","2021-10-14 01:58:00","incoming","purchase","500","Business Services Payment: 1x Sushi","Sammy Holland","61284120"
"0bfca42f-abb6-4eb3-b087-f1bc9b27fe55","2021-10-14 01:53:00","incoming","purchase","200","Business Services Payment: 2x Pizza slices","Sammy Holland","61527769"
"bfc548a4-af09-4ba2-a2d6-5242869b5cff","2021-10-14 01:49:00","incoming","purchase","875","Business Services Payment: 1x Working Girl Combo 1x Cherry Peach","Sammy Holland","61547894"
"7c86a294-804e-48ae-be93-93934d1637a5","2021-10-14 01:49:00","incoming","purchase","1440","Business Services Payment: 10 part a","Hugh Moungus","61655194"
"fad0ec12-ad2f-4f25-ba0d-483f4c21001e","2021-10-14 01:46:00","incoming","purchase","200","Business Services Payment: 2x milk coffee","Sammy Holland","61300042"
"1f1f74c4-6a22-4939-94fb-433a4f908af1","2021-10-14 01:43:00","incoming","purchase","125","Business Services Payment: 1x Orange lemon","Sammy Holland","61015898"
"0c9a3611-f5ed-42c2-8dc1-1f6422fc2587","2021-10-14 01:43:00","incoming","purchase","1440","Business Services Payment: 10 part a","Hugh Moungus","61982531"
"9bbdbf75-9102-4312-9322-fdce44bad412","2021-10-14 01:30:00","outgoing","withdraw","3000","fruit","Meg Alodon","64016080"
"3359f398-3b88-4427-aa79-aa86baa8dcc7","2021-10-14 01:25:00","incoming","purchase","125","Business Services Payment: 1x Cherry Berry","Sammy Holland","61108064"
"a9a7d93e-919e-42ac-9297-bf2d1ad6eb22","2021-10-14 01:22:00","incoming","purchase","1000","Business Services Payment: 2x sushi","Michael  Angelo ","61790850"
"b57b1871-c530-40b9-81f1-fa92377e10ff","2021-10-14 01:19:00","incoming","purchase","1075","Business Services Payment: 2 sushi mac","Michael  Angelo ","61758345"
"020b2a5c-80ea-4d19-a1d6-d1c7f7caa69e","2021-10-14 01:08:00","incoming","purchase","1000","Business Services Payment: 2 sushi","Michael  Angelo ","61519957"
"0fbb84dc-8e3c-42ae-9f20-5c1a87bc328f","2021-10-14 01:06:00","incoming","purchase","1000","Business Services Payment: 2 sushi","Michael  Angelo ","61862745"
"dc758439-d0dd-4b86-845a-7adb7fab1245","2021-10-14 01:05:00","incoming","purchase","1000","Business Services Payment: 2x sushi","Michael  Angelo ","61703772"
"6e8b1e8c-7276-4baa-8978-70ae10db8402","2021-10-14 01:03:00","incoming","purchase","300","Business Services Payment: wings chips","Michael  Angelo ","61997763"
"dc4c1258-d5d0-4525-bbe9-1eede50254b7","2021-10-14 00:48:00","incoming","purchase","500","Business Services Payment: wings","Michael  Angelo ","61941293"
"2b7fd964-7826-4bd7-8076-ce854294b3cb","2021-10-14 00:45:00","incoming","purchase","1000","Business Services Payment: sushi x2","Michael  Angelo ","61644168"
"24de8f78-cb40-413f-9862-4fa2c0fc6365","2021-10-14 00:40:00","incoming","purchase","300","Business Services Payment: 2 pizza coffee","Michael  Angelo ","61940646"
"21ad017e-2aa7-4502-a7dd-45c940f11790","2021-10-14 00:37:00","incoming","purchase","200","Business Services Payment: 2x Pizza","Michael  Angelo ","61527769"
"9cf867b8-6480-4339-b2fc-ef8ed64b1c83","2021-10-14 00:36:00","incoming","purchase","350","Business Services Payment: papa","Michael  Angelo ","61470183"
"b1c0fd0d-f2cd-49fd-bdd5-720718b0460d","2021-10-14 00:32:00","incoming","purchase","1325","Business Services Payment: 2 sushi pizza 2 drink","Michael  Angelo ","61953415"
"12d4befd-d96b-4b53-a2a9-180aac9502c5","2021-10-14 00:21:00","incoming","purchase","1000","Business Services Payment: 2 sushi","Michael  Angelo ","61538739"
"71cf8b55-6811-42ce-a89a-fa5df23a4216","2021-10-14 00:17:00","incoming","purchase","100","Business Services Payment: coffee","Michael  Angelo ","61096395"
"a6dc2c00-681d-43fd-86f4-d161ce1e58b7","2021-10-14 00:10:00","incoming","purchase","550","Business Services Payment: 2 pancakes 2 drinks","Michael  Angelo ","61159766"
"af400ac3-bb7e-48de-bfc4-e5a819442b3a","2021-10-14 00:08:00","incoming","purchase","1000","Business Services Payment: sushi","Michael  Angelo ","61159766"
"48faf183-f74a-4512-86d1-4f4a6841cd2c","2021-10-14 00:03:00","incoming","purchase","1000","Business Services Payment: 2 sushi","Rick Rhold","61530773"
"ea649396-d33d-4fec-8cd1-ea5fb9552f83","2021-10-14 00:02:00","incoming","purchase","100","Business Services Payment: 2 chips","Rick Rhold","61096395"
"731e154d-309e-4fcb-937c-1318328e24f5","2021-10-13 23:49:00","incoming","purchase","100","Business Services Payment: chipsx2","Michael  Angelo ","61108064"
"7a77c705-fd2e-4645-a98d-771cb44e4f08","2021-10-13 23:48:00","incoming","purchase","75","Business Services Payment: mac","Michael  Angelo ","61823339"
"8e31948e-cd70-46d1-9f03-9207757accbf","2021-10-13 23:45:00","incoming","purchase","100","Business Services Payment: chips","Michael  Angelo ","61108064"
"c0c5b31a-d00e-4e74-b2e5-e6fe829cd3a1","2021-10-13 23:35:00","incoming","purchase","2000","Business Services Payment: 4 sushi","Phil Bert","61862745"
"e145edb7-8fd3-4b74-bfb8-a859c7fef858","2021-10-13 23:34:00","incoming","purchase","300","Business Services Payment: 3 coffees","Phil Bert","61190632"
"43f4f1ac-58ef-4e19-acff-b00ae3fa6ce7","2021-10-13 23:30:00","incoming","purchase","450","Business Services Payment: 2 pzza 2 drinks","Ivy  Hiroshima","61084113"
"933a6a3c-7af3-4dea-9560-c98f405766e4","2021-10-13 23:26:00","incoming","purchase","375","Business Services Payment: 2 mac 1 drink","Phil Bert","61186132"
"830ef926-fb21-4d07-9d89-23e03d50c4bc","2021-10-13 23:24:00","incoming","purchase","1250","Business Services Payment: 10 cocktails","Phil Bert","61958993"
"545ebbe1-c6a2-4509-96b7-4b3ae9c19760","2021-10-13 23:19:00","incoming","purchase","75","Business Services Payment: 1 mac cheese","Ivy  Hiroshima","61108064"
"ae1429ea-fd0f-4295-9302-8524cab659dd","2021-10-13 23:16:00","incoming","purchase","250","Business Services Payment: 2 cherry berry","Phil Bert","61527769"
"6272f420-4838-401b-aa75-40bd2a6fe681","2021-10-13 23:09:00","incoming","purchase","500","Business Services Payment: 4 pizza 1 coffe","Ivy  Hiroshima","61245843"
"64c1d59c-8166-4e38-8e1a-52daa9194c01","2021-10-13 22:52:00","incoming","purchase","1500","Business Services Payment: 3 sushis","Phil Bert","61191257"
"4119979f-c749-4923-bd33-56bc7d92fbc8","2021-10-13 22:49:00","incoming","purchase","500","Business Services Payment: 1 sushi","Ivy  Hiroshima","61097224"
"81dfc45f-55fd-457f-9746-842d9a178b3e","2021-10-13 22:45:00","incoming","purchase","600","Business Services Payment: 1 sushi 1 coffee","Ivy  Hiroshima","61720590"
"5e10b32f-8391-4194-8653-4c7aab461a22","2021-10-13 22:43:00","incoming","purchase","1000","Business Services Payment: 2 sushi","Phil Bert","61703772"
"da8a4932-f179-4475-9b37-0418c2b8eac0","2021-10-13 22:38:00","incoming","purchase","1000","Business Services Payment: 2 sushis","Ivy  Hiroshima","61028444"
"39825ee7-d6ea-46c9-8996-e2dd81387c93","2021-10-13 22:37:00","outgoing","withdraw","200","coffee ingredients","Meg Alodon","64016080"
"06d4ad96-29f3-431c-a7a4-a0a2e9c1c01b","2021-10-13 22:33:00","incoming","purchase","1000","Business Services Payment: 2 sushi","Phil Bert","61862745"
"845f3b3a-bd4e-4fec-93da-85fd14560af4","2021-10-13 22:32:00","incoming","purchase","200","Business Services Payment: 2 pizza","Phil Bert","61116973"
"cd459810-03b2-4b42-b51e-40b59b5b1fed","2021-10-13 22:27:00","incoming","purchase","125","Business Services Payment: 1 chips 1 mac","Ivy  Hiroshima","61823339"
"fffdb054-4c5a-4879-8819-47bf31a06986","2021-10-13 22:27:00","incoming","purchase","500","Business Services Payment: 1 sushi","Phil Bert","61677743"
"77db1f18-769e-42fa-a55a-29f9a700892a","2021-10-13 22:19:00","incoming","purchase","500","Business Services Payment: 1 sushi","Ivy  Hiroshima","61753604"
"a9b74ec2-e95d-48cd-abad-7a04b1c2a6de","2021-10-13 22:18:00","incoming","purchase","1000","Business Services Payment: 2 sushi","Phil Bert","61644168"
"fd78b76e-3565-4efc-97e9-5ab04cb0af53","2021-10-13 22:17:00","incoming","purchase","500","Business Services Payment: 1 sushi","Ivy  Hiroshima","61534040"
"ef098fb0-3571-4462-aff5-1370b8b78dcf","2021-10-13 22:11:00","incoming","purchase","1000","Business Services Payment: working girl 2 drinks","Michael  Angelo ","61341891"
"e7e3e3cf-b7a7-45a8-b0df-0cb63744476f","2021-10-13 21:58:00","incoming","purchase","625","Business Services Payment: 5 orange lemon","Michael  Angelo ","61970964"
"2597c4b3-8115-4161-b231-c232365cb89e","2021-10-13 21:54:00","incoming","purchase","1000","Business Services Payment: 2 Sushis","Ivy  Hiroshima","61377942"
"6b5df956-cfa7-461d-8a0d-d5a5ea0ec277","2021-10-13 21:50:00","incoming","purchase","1250","Business Services Payment: 10 drinks","Phil Bert","61803674"
"65381347-2595-4236-bc73-b72694006fb3","2021-10-13 21:50:00","incoming","purchase","500","Business Services Payment: sushi","Michael  Angelo ","61066635"
"6cf2913a-f5e4-49d9-94d4-2cdad7c9ec6f","2021-10-13 21:47:00","incoming","purchase","500","Business Services Payment: 4 drinks","Phil Bert","61803674"
"985d730e-79fa-4401-b0e3-211dc5381952","2021-10-13 21:38:00","incoming","purchase","150","Business Services Payment: pancake","Michael  Angelo ","61324552"
"0faf98ea-8e12-4881-aa3b-52bdd3873642","2021-10-13 21:36:00","incoming","purchase","600","Business Services Payment: 2 chips sushi","Michael  Angelo ","61543090"
"57a00a28-091a-4c71-94f7-fa170fb04e8f","2021-10-13 21:30:00","incoming","purchase","2000","Business Services Payment: 4 sushi","Ivy  Hiroshima","61560909"
"b417ec76-a619-4f6a-a75b-02bf62e46143","2021-10-13 21:20:00","incoming","purchase","250","Business Services Payment: 2 drinks","Michael  Angelo ","61249135"
"bcfb42d9-5282-47f3-af73-ee0fe2090899","2021-10-13 21:17:00","incoming","purchase","500","Business Services Payment: sushi","Michael  Angelo ","61383172"
"2400c7a7-309d-45d1-a56c-49b6335a1837","2021-10-13 21:16:00","incoming","purchase","2500","Business Services Payment: 5 sushi","Michael  Angelo ","61404615"
"a13fa413-5bc7-4026-8e35-18753eb0c05f","2021-10-13 21:07:00","incoming","purchase","500","Business Services Payment: sushi","Michael  Angelo ","61629788"
"7978eec0-b3da-4836-9acb-f93324b8c852","2021-10-13 20:56:00","incoming","purchase","1100","Business Services Payment: 2 sushi 2 chips","Phil Bert","61096395"
"2a5dfa9d-3730-47a4-9a39-c4c2c4f4129a","2021-10-13 20:52:00","incoming","purchase","1000","Business Services Payment: 2 sushi","Phil Bert","61028444"
"a49bd8f9-57f3-464e-8eed-e9592fe2f54e","2021-10-13 20:51:00","incoming","purchase","50","Business Services Payment: chips","Michael  Angelo ","61108064"
"41a85ce7-c5ae-4291-9ccd-f29599ed5f84","2021-10-13 20:50:00","incoming","purchase","1100","Business Services Payment: 2 sushis 1 Vodka","Ivy  Hiroshima","61589907"
"17955fd8-836b-42ef-a89b-13b793b2a1df","2021-10-13 20:43:00","incoming","purchase","500","Business Services Payment: 5 pizza","Michael  Angelo ","61337057"
"dd29754c-47bf-4a5d-b099-fb3bc27b4fd6","2021-10-13 20:37:00","incoming","purchase","125","Business Services Payment: 1 whit paw","Phil Bert","61671697"
"77e27240-5664-4c1d-a04b-e7e2d27d952a","2021-10-13 20:30:00","incoming","purchase","200","Business Services Payment: 2 pizza","Michael  Angelo ","61953415"
"cc6edf34-c4e0-4551-b187-b731581921e6","2021-10-13 20:24:00","incoming","purchase","100","Business Services Payment: muh fuggin cawfee","Michael  Angelo ","61410061"
"ed3c2cd5-2d52-40d9-aa7d-c28db65850ea","2021-10-13 20:22:00","incoming","purchase","700","Business Services Payment: 7 x pizza","Sarah Scott","61970964"
"9ede8a36-0a6d-45e3-8e63-d31d79743d8d","2021-10-13 20:18:00","incoming","purchase","1200","Business Services Payment: 2 sushi 4 chips ","Michael  Angelo ","61249963"
"1fc45626-0a7c-47e3-b90d-23bd3ef22888","2021-10-13 20:17:00","incoming","purchase","500","Business Services Payment: sushi","Michael  Angelo ","61420479"
"52b0d67d-f41a-441f-8fe5-04a5a3caa342","2021-10-13 19:27:00","incoming","purchase","725","Business Services Payment: 5 drinks pizza","Michael  Angelo ","61449636"
"5823cc09-f6fc-4035-8f6c-851c4f2d3278","2021-10-13 16:57:00","incoming","purchase","2000","Business Services Payment: 4x Sushi","Dan Sins","61790850"
"2e8e7a09-faa1-4f1c-ae40-9ff5e454a4a2","2021-10-13 16:57:00","incoming","purchase","1000","Business Services Payment: 2x sushi","Dan Sins","61582416"
"1c1c6ab9-45b8-4f2e-a53a-b86de1a3081b","2021-10-13 16:38:00","incoming","purchase","500","Business Services Payment: 1x Sushi","Dan Sins","61617881"
"7d459b8b-bb75-40d2-8700-6ea8cbde5e79","2021-10-13 16:36:00","incoming","purchase","1000","Business Services Payment: 1x Sushi 2x Wings","Dan Sins","61619434"
"34091baa-8dd6-4470-95e4-a336ad263b34","2021-10-13 16:35:00","incoming","purchase","1000","Business Services Payment: 2x sushi","Dan Sins","61066635"
"153647b4-c05b-47a2-bb3f-380391d20e41","2021-10-13 16:23:00","incoming","purchase","500","Business Services Payment: 1x Sushi","Dan Sins","61420479"
"5ac9a04d-4f0a-43f1-9007-87d754a566e7","2021-10-13 16:22:00","incoming","purchase","1625","Business Services Payment: 3x Sushi 1x Cocktail","Dan Sins","61279791"
"223f3512-5ba7-49dd-a15f-9a758c694ee2","2021-10-13 14:35:00","incoming","purchase","1000","Business Services Payment: 2x sushi","Dan Sins","61249415"
"ae78fbda-3da4-4858-8e1f-65b46e6ad71e","2021-10-13 14:34:00","incoming","purchase","500","Business Services Payment: 5xPizza","Dan Sins","61337057"
"b21cb506-fd0d-46cf-86f4-249ecef15f56","2021-10-13 14:32:00","incoming","purchase","1125","Business Services Payment: 2x Sushi 1x Cocktail","Dan Sins","61239196"
"24f9eadf-dbc8-4495-a442-b0b674ce1686","2021-10-13 13:38:00","incoming","purchase","350","Business Services Payment: 1x Bahama Papa","Dan Sins","61930530"
"2a41ab0d-11cc-4bf2-ab0a-6d3e69357b2d","2021-10-13 13:33:00","incoming","purchase","1000","Business Services Payment: 2x Sushi","Dan Sins","61824882"
"fef2ca45-356c-4afb-afb8-592822f42b8c","2021-10-13 13:24:00","incoming","purchase","125","Business Services Payment: 1x White Paw","Dan Sins","61433273"
"917e64c0-06c0-41ec-9ced-f137f40971cf","2021-10-13 13:19:00","incoming","purchase","500","Business Services Payment: 1x Sushi","Dan Sins","61379796"
"731fe7aa-77a5-40d0-9664-3eef5a92f7a7","2021-10-13 13:17:00","incoming","purchase","500","Business Services Payment: sushi","Lily  Nightmare","61055231"
"000f162b-ac3e-4204-9f19-25069d401cef","2021-10-13 13:12:00","incoming","purchase","500","Business Services Payment: sushi","Lily  Nightmare","61164524"
"23fa766b-0e29-42d9-9e29-6f046562a870","2021-10-13 13:03:00","incoming","purchase","525","Business Services Payment: 1x Bahama Papa 1x Pizza 1x Mac & Cheese","Dan Sins","61451281"
"7e84bca6-2e6d-494d-8237-601ab96791bd","2021-10-13 12:59:00","incoming","purchase","500","Business Services Payment: sushi","Lily  Nightmare","61559118"
"efd7082a-fca0-4499-9b4f-467e021c66ab","2021-10-13 12:58:00","incoming","purchase","500","Business Services Payment: sushi","Lily  Nightmare","61215988"
"3ef9f709-9234-41cf-8578-77c11bcbe3fe","2021-10-13 12:39:00","incoming","purchase","75","Business Services Payment: 1x Mac&Cheese","Dan Sins","61433273"
"5fc2fb41-bc05-4f0c-a069-05bd704d314b","2021-10-13 09:40:00","incoming","purchase","75","Business Services Payment: 1x M&C","Dan Sins","61324552"
"e742cb00-cad5-4b61-bd40-f0656192af20","2021-10-13 09:29:00","incoming","purchase","1250","Business Services Payment: 5x Pizza 5x Pancakes","Dan Sins","61861641"
"32fbb8ba-e4e6-47c2-ac07-9fe285eb87c7","2021-10-13 09:18:00","incoming","purchase","300","Business Services Payment: 3 coffee","Bill Truly","61118072"
"f389ee8e-b6d3-4efe-8745-9a9cd5966cd8","2021-10-13 09:05:00","incoming","purchase","1000","Business Services Payment: 2 sushi","Michael  Angelo ","61745437"
"f5975458-0b5e-46e6-ad17-0613057a2938","2021-10-13 09:04:00","incoming","purchase","1000","Business Services Payment: 2x Sushi","Sammy Holland","61253232"
"5bd81f92-f014-49b5-a073-1ce6ccc7c168","2021-10-13 08:59:00","incoming","purchase","75","Business Services Payment: 1x M&C","Dan Sins","61433273"
"ff68d1ef-6659-4e97-b29d-353d18646915","2021-10-13 08:48:00","incoming","purchase","500","Business Services Payment: sushi","Bill Truly","61333907"
"8890fc27-2924-47d6-bb2f-b006f63e9bdb","2021-10-13 08:32:00","incoming","purchase","1000","Business Services Payment: 2x Sushi","Dan Sins","61636708"
"bb3df2b7-1de9-4fca-af43-fd79f3a00fbc","2021-10-13 08:13:00","incoming","purchase","150","Business Services Payment: 3x Chips","Dan Sins","61147763"
"aa58b604-3af7-4ad0-a053-3cdba6491454","2021-10-13 08:12:00","incoming","purchase","100","Business Services Payment: 1x Pizza","Dan Sins","61147763"
"5a36e8d0-5bb7-4795-806c-e9d4ff79c5de","2021-10-13 08:11:00","incoming","purchase","375","Business Services Payment: 1x wings 1x chips 1x mac and chees","Sammy Holland","61803674"
"b6388461-01f9-4599-95b2-46ebf5998173","2021-10-13 08:09:00","incoming","purchase","1075","Business Services Payment: 2x sushi 1x mac and cheese","Sammy Holland","61066075"
"0c6d0220-f234-4538-bc39-6eb377a27641","2021-10-13 07:49:00","incoming","purchase","500","Business Services Payment: 1x Sushi","Sammy Holland","61566804"
"0bf0cc6e-09d6-40e4-976c-fe95714d07be","2021-10-13 07:49:00","incoming","purchase","1500","Business Services Payment: 3x Sushi","Sammy Holland","61649276"
"3629a9d8-cf07-4a62-a8c7-554c1ba83614","2021-10-13 07:48:00","incoming","purchase","1500","Business Services Payment: 3x Sushi","Sammy Holland","61428578"
"c0c2dfaa-6c50-4512-8478-5fc65145aa78","2021-10-13 07:48:00","incoming","purchase","125","Business Services Payment: 1x Cocktail","Dan Sins","61162072"
"64f9d7a5-5a29-4775-aead-c203ab243316","2021-10-13 07:43:00","incoming","purchase","560","Business Services Payment: 2x Panini 2 Coffee","Dan Sins","61663708"
"ec5e5f19-a76b-40f4-9184-dabf39be39e8","2021-10-13 07:26:00","incoming","purchase","75","Business Services Payment: Mac and Cheese","Ivy  Hiroshima","61791313"
"169ea0de-9688-4558-922c-8339b38a99bf","2021-10-13 07:24:00","incoming","purchase","1500","Business Services Payment: 3x sushi","Michael  Angelo ","61636708"
"1977fe59-4326-4dda-98f9-99e27680fc23","2021-10-13 07:22:00","incoming","purchase","725","Business Services Payment: 5 PIZZA 2 Mixed Drinks","Ivy  Hiroshima","61803674"
"f4590de3-d27f-49e6-bfbf-ca84ff0b507f","2021-10-13 07:22:00","incoming","purchase","225","Business Services Payment: 1x Pizza slice 1x White Paw","Sammy Holland","61449636"
"7dc69089-103d-4488-abae-9fb52caecf42","2021-10-13 07:18:00","incoming","purchase","625","Business Services Payment: 5 Pizza 1 Coconut L","Ivy  Hiroshima","61470623"
"2111b3f2-cd60-41cd-a169-b72f3f68b90a","2021-10-13 07:18:00","incoming","purchase","200","Business Services Payment: Training Charge","Sammy Holland","61108064"
"80e6205c-20d0-406c-82e0-0c307e839f6f","2021-10-13 07:17:00","outgoing","transfer","5000","Employee Payment: 1 dj set","Meg Alodon","61957867"
"2c5f3f75-8fd6-40c2-bff4-4667fc4baf87","2021-10-13 07:06:00","incoming","purchase","125","Business Services Payment: 1x Cocktail","Dan Sins","61822413"
"136de3cd-1077-49f8-96ea-f6e3e855e4fa","2021-10-13 06:52:00","incoming","purchase","1200","Business Services Payment: 1-sushi,2-chips,2-wings,1-pizza","Raaja  Queen ","61997763"
"fb4f2cfd-dbce-4020-8559-365887faf7ce","2021-10-13 06:48:00","outgoing","transfer","11148","Employee Payment: Galaxy Pay for 10-10-2021 to 10-12-2021","Meg Alodon","61449636"
"8a095ace-4628-4549-9d6c-8003913d0223","2021-10-13 06:47:00","outgoing","transfer","320","Employee Payment: Galaxy Pay for 10-10-2021 to 10-12-2021","Meg Alodon","61524923"
"4a90870d-cf05-4b62-bb9d-eaec92fa8f5c","2021-10-13 06:47:00","outgoing","transfer","240","Employee Payment: Galaxy Pay for 10-10-2021 to 10-12-2021","Meg Alodon","61854366"
"dbae1823-5e76-4f6c-8f5c-c89ecfb81fcc","2021-10-13 06:47:00","outgoing","transfer","8754","Employee Payment: Galaxy Pay for 10-10-2021 to 10-12-2021","Meg Alodon","61249135"
"ede236fa-833c-4a1a-b76d-11fcb4947478","2021-10-13 06:47:00","outgoing","transfer","13734","Employee Payment: Galaxy Pay for 10-10-2021 to 10-12-2021","Meg Alodon","61147763"
"e5d0d79e-f6bf-431b-85e9-df03703d14a1","2021-10-13 06:46:00","outgoing","transfer","20254","Employee Payment: Galaxy Pay for 10-10-2021 to 10-12-2021","Meg Alodon","61108064"
"e44b95b1-47bd-4ad2-bee3-66cff4849515","2021-10-13 06:46:00","outgoing","transfer","1480","Employee Payment: Galaxy Pay for 10-10-2021 to 10-12-2021","Meg Alodon","61714546"
"35fc7d38-b941-4136-9d4b-f1480e619723","2021-10-13 06:46:00","outgoing","transfer","45788","Employee Payment: Galaxy Pay for 10-10-2021 to 10-12-2021","Meg Alodon","61693893"
"caf88310-380a-41db-89aa-10bbf7752fc0","2021-10-13 06:46:00","incoming","purchase","500","Business Services Payment: sushi","Raaja  Queen ","61822300"
"7c42ab04-d95f-469d-8aae-fccd3d422d7e","2021-10-13 06:45:00","outgoing","transfer","200","Employee Payment: Galaxy Pay for 10-10-2021 to 10-12-2021","Meg Alodon","61410061"
"5749b8de-38e2-487a-a9b4-c9af5ddc2de6","2021-10-13 06:45:00","outgoing","transfer","6080","Employee Payment: Galaxy Pay for 10-10-2021 to 10-12-2021","Meg Alodon","61957867"
"f4c752b0-b321-4a04-8744-d4d56e74dfb9","2021-10-13 06:45:00","outgoing","transfer","200","Employee Payment: Galaxy Pay for 10-10-2021 to 10-12-2021","Meg Alodon","61823339"
"4e0c7d62-b972-4d98-a5da-a9ed3f5f4cf3","2021-10-13 06:45:00","outgoing","transfer","970","Employee Payment: Galaxy Pay for 10-10-2021 to 10-12-2021","Meg Alodon","61773928"
"5ea385c4-52a7-4841-9bc4-a828406da4d2","2021-10-13 06:41:00","incoming","purchase","300","Business Services Payment: 3-coffee","Raaja  Queen ","61863506"
"530f77e4-ec1e-465d-b456-2e040881b59e","2021-10-13 06:36:00","incoming","purchase","150","Business Services Payment: 1-pancakes","Raaja  Queen ","61449636"
"ec4fe827-3934-4393-bffb-90e950c4509b","2021-10-13 06:18:00","incoming","purchase","500","Business Services Payment: 1 x sushi","Sarah Scott","61531187"
"295df70a-cccb-40e9-91f9-3fe22a475667","2021-10-13 06:00:00","incoming","purchase","1000","Business Services Payment: 2-sushi","Raaja  Queen ","61800315"
"5ea6e3cf-04ad-4e5c-aaeb-625a060c439e","2021-10-13 05:59:00","incoming","purchase","900","Business Services Payment: 1-sushi,4-chips,2-pizza","Raaja  Queen ","61168637"
"27ff9abb-441c-44ba-afe3-05a4e5b4f13b","2021-10-13 05:58:00","incoming","purchase","250","Business Services Payment: 2 x drinks","Sarah Scott","61449636"
"20e3dc18-927b-44aa-9d29-85777043401a","2021-10-13 05:54:00","incoming","purchase","800","Business Services Payment: 3-coffee,5-pizza","Raaja  Queen ","61953415"
"bbfa6768-d4fc-4cd0-98c9-f32ddb95645b","2021-10-13 05:34:00","incoming","purchase","500","Business Services Payment: sushi","Raaja  Queen ","61582416"